-- phpMyAdmin SQL Dump
-- version 5.2.0
-- https://www.phpmyadmin.net/
--
-- Host: 127.0.0.1
-- Generation Time: Nov 23, 2024 at 04:40 PM
-- Server version: 10.4.25-MariaDB
-- PHP Version: 7.4.30

SET SQL_MODE = "NO_AUTO_VALUE_ON_ZERO";
START TRANSACTION;
SET time_zone = "+00:00";


/*!40101 SET @OLD_CHARACTER_SET_CLIENT=@@CHARACTER_SET_CLIENT */;
/*!40101 SET @OLD_CHARACTER_SET_RESULTS=@@CHARACTER_SET_RESULTS */;
/*!40101 SET @OLD_COLLATION_CONNECTION=@@COLLATION_CONNECTION */;
/*!40101 SET NAMES utf8mb4 */;

--
-- Database: `savings`
--

-- --------------------------------------------------------

--
-- Table structure for table `dividendpaymentrecords`
--

CREATE TABLE `dividendpaymentrecords` (
  `BillNumber` varchar(10) NOT NULL,
  `m_id` int(11) NOT NULL,
  `dv_cal_conn` float NOT NULL,
  `Amount` decimal(10,2) NOT NULL,
  `PaymentMethod` varchar(50) NOT NULL,
  `date` timestamp NOT NULL DEFAULT current_timestamp() ON UPDATE current_timestamp()
) ENGINE=InnoDB DEFAULT CHARSET=utf8mb4;

--
-- Dumping data for table `dividendpaymentrecords`
--

INSERT INTO `dividendpaymentrecords` (`BillNumber`, `m_id`, `dv_cal_conn`, `Amount`, `PaymentMethod`, `date`) VALUES
('RC001', 1, 0.158, '189.60', 'เงินสด', '2023-03-15 14:15:24'),
('RC002', 2, 0.158, '663.60', 'เงินสด', '2023-03-15 14:15:24'),
('RC003', 4, 0.158, '474.00', 'เงินสด', '2023-03-15 14:15:24'),
('RC004', 5, 0.158, '948.00', 'เงินสด', '2023-03-15 14:15:24'),
('RC005', 6, 0.158, '189.60', 'เงินสด', '2023-03-15 14:15:24'),
('RC006', 7, 0.158, '853.20', 'เงินสด', '2023-03-15 14:15:24'),
('RC007', 8, 0.158, '948.00', 'เงินสด', '2023-03-15 14:15:24'),
('RC008', 20, 0.158, '37.92', 'เงินสด', '2023-03-15 14:15:24'),
('RC009', 21, 0.158, '18.96', 'เงินสด', '2023-03-15 14:15:24'),
('RC010', 22, 0.158, '189.60', 'เงินสด', '2023-03-15 14:15:24'),
('RC011', 23, 0.158, '948.00', 'เงินสด', '2023-03-15 14:15:24'),
('RC012', 24, 0.158, '379.20', 'เงินสด', '2023-03-15 14:15:24'),
('RC013', 25, 0.158, '663.60', 'เงินสด', '2023-03-15 14:15:24'),
('RC014', 26, 0.158, '568.80', 'เงินสด', '2023-03-15 14:15:24'),
('RC015', 27, 0.158, '189.60', 'เงินสด', '2023-03-15 14:15:24'),
('RC016', 1, 0.051, '306.00', 'เงินสด', '2024-03-15 14:16:17'),
('RC017', 2, 0.051, '214.20', 'เงินสด', '2024-03-15 14:16:17'),
('RC018', 4, 0.051, '153.00', 'เงินสด', '2024-03-15 14:16:17'),
('RC019', 5, 0.051, '306.00', 'เงินสด', '2024-03-15 14:16:17'),
('RC020', 6, 0.051, '61.20', 'เงินสด', '2024-03-15 14:16:17'),
('RC021', 7, 0.051, '275.40', 'เงินสด', '2024-03-15 14:16:17'),
('RC022', 8, 0.051, '306.00', 'เงินสด', '2024-03-15 14:16:17'),
('RC023', 20, 0.051, '12.24', 'เงินสด', '2024-03-15 14:16:17'),
('RC024', 21, 0.051, '6.12', 'เงินสด', '2024-03-15 14:16:17'),
('RC025', 22, 0.051, '61.20', 'เงินสด', '2024-03-15 14:16:17'),
('RC026', 23, 0.051, '306.00', 'เงินสด', '2024-03-15 14:16:17'),
('RC027', 24, 0.051, '122.40', 'เงินสด', '2024-03-15 14:16:17'),
('RC028', 25, 0.051, '214.20', 'เงินสด', '2024-03-15 14:16:17'),
('RC029', 26, 0.051, '183.60', 'เงินสด', '2024-03-15 14:16:17'),
('RC030', 27, 0.051, '61.20', 'เงินสด', '2024-03-15 14:16:17');

--
-- Triggers `dividendpaymentrecords`
--
DELIMITER $$
CREATE TRIGGER `before_dividendpaymentrecords_insert` BEFORE INSERT ON `dividendpaymentrecords` FOR EACH ROW BEGIN
    DECLARE maxBill INT DEFAULT 0;
    
    SELECT MAX(CAST(SUBSTRING(BillNumber, 3) AS UNSIGNED)) INTO maxBill FROM DividendPaymentRecords;
    
    IF maxBill IS NULL THEN
        SET NEW.BillNumber = 'RC001';
    ELSE
        SET NEW.BillNumber = CONCAT('RC', LPAD(maxBill + 1, 3, '0'));
    END IF;
END
$$
DELIMITER ;

-- --------------------------------------------------------

--
-- Table structure for table `dtc_balancesheet`
--

CREATE TABLE `dtc_balancesheet` (
  `bs_id` int(10) NOT NULL,
  `bs_date` timestamp NOT NULL DEFAULT current_timestamp() COMMENT 'วันที่สรุปงบดุล',
  `bs_am` int(10) NOT NULL COMMENT 'สมาชิกทั้งหมด  All members',
  `bs_mda` int(10) NOT NULL COMMENT 'จำนวนเงินฝากของสมาชิก  Member''s deposit amount',
  `bs_ril` decimal(10,2) NOT NULL COMMENT 'ได้รับดอกเบี้ยเงินกู้  Receive interest on a loan',
  `bs_dtm` decimal(10,2) NOT NULL COMMENT 'ปันผลให้กับสมาชิก  Dividends to members',
  `bs_dtb` decimal(10,2) NOT NULL COMMENT 'โบนัสกรรมการ  Director''s Bonus',
  `bs_ctf` decimal(10,2) NOT NULL COMMENT 'สมทบกองทุน Contribute to the fund',
  `bs_ri` decimal(10,2) NOT NULL COMMENT 'ประกันความเสี่ยง\r\n Risk insurance',
  `bs_cmw` decimal(10,2) NOT NULL COMMENT 'สาธารณประโยชน์  commonwealth',
  `bs_eam` decimal(10,2) NOT NULL COMMENT ' ค่าใช้จ่ายและค่าบริหารจัดการ\r\n Expenses and management fees',
  `bs_mr` int(10) NOT NULL COMMENT 'มีสมาชิกยื่นความประสงค์ลาออก Member resigns',
  `bs_dtm_p` int(3) NOT NULL COMMENT 'แบ่งเปอร์เซ็น ปันผลให้กับสมาชิก',
  `bs_dtb_p` int(3) NOT NULL COMMENT 'แบ่งเปอร์เซ็น โบนัสกรรมการ',
  `bs_ctf_p` int(3) NOT NULL COMMENT 'แบ่งเปอร์เซ็น สมทบกองทุน',
  `bs_ri_p` int(3) NOT NULL COMMENT 'แบ่งเปอร์เซ็น ประกันความเสี่ยง',
  `bs_cmw_p` int(3) NOT NULL COMMENT 'แบ่งเปอร์เซ็น สาธารณประโยชน์',
  `bs_eam_p` int(3) NOT NULL COMMENT 'แบ่งเปอร์เซ็น ค่าใช้จ่ายและค่าบริหารจัดการ'
) ENGINE=InnoDB DEFAULT CHARSET=utf8;

--
-- Dumping data for table `dtc_balancesheet`
--

INSERT INTO `dtc_balancesheet` (`bs_id`, `bs_date`, `bs_am`, `bs_mda`, `bs_ril`, `bs_dtm`, `bs_dtb`, `bs_ctf`, `bs_ri`, `bs_cmw`, `bs_eam`, `bs_mr`, `bs_dtm_p`, `bs_dtb_p`, `bs_ctf_p`, `bs_ri_p`, `bs_cmw_p`, `bs_eam_p`) VALUES
(1, '2020-12-10 12:51:48', 180, 2700000, '700000.00', '420000.00', '140000.00', '35000.00', '35000.00', '35000.00', '35000.00', 5710, 60, 20, 5, 5, 5, 5),
(2, '2021-12-10 12:49:23', 200, 3000000, '700000.00', '350000.00', '210000.00', '35000.00', '35000.00', '35000.00', '35000.00', 5710, 50, 30, 5, 5, 5, 5),
(12, '2022-03-11 06:24:27', 16, 45960, '9000.00', '5400.00', '1800.00', '450.00', '450.00', '450.00', '450.00', 0, 60, 20, 5, 5, 5, 5),
(13, '2024-03-15 12:12:39', 16, 96720, '10004.45', '6002.67', '2000.89', '500.22', '500.22', '500.22', '500.22', 0, 60, 20, 5, 5, 5, 5);

-- --------------------------------------------------------

--
-- Table structure for table `dtc_cremationpayfamily`
--

CREATE TABLE `dtc_cremationpayfamily` (
  `cpf_id` varchar(255) NOT NULL,
  `md_id` int(10) NOT NULL,
  `cpf_name` varchar(100) NOT NULL,
  `Amount` int(10) NOT NULL,
  `cpf_date` timestamp NOT NULL DEFAULT current_timestamp() ON UPDATE current_timestamp(),
  `a_id` int(10) DEFAULT NULL COMMENT 'ผู้รับเงิน',
  `dt_id` int(10) DEFAULT NULL
) ENGINE=InnoDB DEFAULT CHARSET=utf8mb4;

--
-- Dumping data for table `dtc_cremationpayfamily`
--

INSERT INTO `dtc_cremationpayfamily` (`cpf_id`, `md_id`, `cpf_name`, `Amount`, `cpf_date`, `a_id`, `dt_id`) VALUES
('C001', 18, 'ลัมสัน3', 1300, '2024-03-16 16:28:29', NULL, 70),
('C002', 19, 'ลัมสัน4', 1300, '2024-03-16 16:28:54', 1, NULL);

--
-- Triggers `dtc_cremationpayfamily`
--
DELIMITER $$
CREATE TRIGGER `before_cremationpayfamily_insert` BEFORE INSERT ON `dtc_cremationpayfamily` FOR EACH ROW BEGIN
    DECLARE last_id INT;
    DECLARE new_id VARCHAR(10);
    
    
    SELECT CAST(IFNULL(MAX(SUBSTRING(cpf_id, 2)), '0') AS UNSIGNED) + 1 INTO last_id FROM dtc_cremationpayfamily;
    
    
    SET new_id = CONCAT('C', LPAD(last_id, 3, '0'));
    
    
    SET NEW.cpf_id = new_id;
END
$$
DELIMITER ;

-- --------------------------------------------------------

--
-- Table structure for table `dtc_cremetion`
--

CREATE TABLE `dtc_cremetion` (
  `ct_id` int(10) NOT NULL COMMENT 'ไอดีการชำระเงิน',
  `ct_money` int(10) NOT NULL COMMENT 'จำนวนเงินที่ชำระ',
  `ct_date` timestamp NOT NULL DEFAULT current_timestamp() ON UPDATE current_timestamp() COMMENT 'วันเวลาที่บันทึกการชำระ',
  `m_id` int(10) NOT NULL COMMENT 'ไอดีสมาชิกที่ชำระ',
  `md_id` int(10) NOT NULL COMMENT 'ไอดีผู้เสียชีวิต',
  `a_id` int(10) DEFAULT NULL COMMENT 'ไอดีผู้ดูแลระบบ\r\n',
  `dt_id` int(10) DEFAULT NULL COMMENT 'ไอดีกรรมการ'
) ENGINE=InnoDB DEFAULT CHARSET=utf8;

--
-- Dumping data for table `dtc_cremetion`
--

INSERT INTO `dtc_cremetion` (`ct_id`, `ct_money`, `ct_date`, `m_id`, `md_id`, `a_id`, `dt_id`) VALUES
(7, 50, '2024-03-11 06:21:38', 22, 18, 1, NULL),
(8, 50, '2024-03-16 09:07:22', 22, 19, 1, NULL),
(9, 50, '2024-03-16 09:07:40', 1, 18, 1, NULL),
(10, 50, '2024-03-16 09:07:55', 1, 19, 1, NULL),
(11, 50, '2024-03-16 16:23:28', 26, 18, NULL, 70),
(12, 50, '2024-03-16 16:24:29', 26, 19, NULL, 70);

-- --------------------------------------------------------

--
-- Table structure for table `dtc_deposit`
--

CREATE TABLE `dtc_deposit` (
  `d_id` int(10) NOT NULL COMMENT 'ไอดี การฝากเงิน',
  `year_id` year(4) NOT NULL COMMENT 'ปี ไอดี',
  `m_id` int(10) DEFAULT NULL COMMENT ' ไอดี สมาชิก',
  `d_money` int(10) NOT NULL COMMENT 'จำนวนเงินฝาก',
  `d_period1` int(10) NOT NULL COMMENT 'จำนวนงวดที่ต้องฝาก',
  `d_due_date` date NOT NULL COMMENT 'กำหนดวันชำระเงิน',
  `d_payment_status` enum('Unpaid','Paid') DEFAULT 'Unpaid' COMMENT ' Unpaid = ยังไม่ชำระ  paid = ชำระแล้ว',
  `d_payment_date` timestamp NULL DEFAULT NULL ON UPDATE current_timestamp() COMMENT 'วันที่ชำระเงิน',
  `dt_id` int(10) DEFAULT NULL COMMENT 'ไอดีกรรมการที่รับชำระ',
  `a_id` int(10) DEFAULT NULL COMMENT 'ไอดีผู้ดูแลระบบที่รับชำระ',
  `status_paid` enum('1','2','3') NOT NULL DEFAULT '1' COMMENT 'สถานะการฝาก ::\r\n1 = ค้างชำระ\r\n2 = ชำระแล้ว\r\n3 = ชำระไม่สำเร็จ'
) ENGINE=InnoDB DEFAULT CHARSET=utf8mb4;

--
-- Dumping data for table `dtc_deposit`
--

INSERT INTO `dtc_deposit` (`d_id`, `year_id`, `m_id`, `d_money`, `d_period1`, `d_due_date`, `d_payment_status`, `d_payment_date`, `dt_id`, `a_id`, `status_paid`) VALUES
(1, 2024, 1, 500, 1, '2024-01-01', 'Paid', '2024-03-16 13:16:27', 70, NULL, '1'),
(2, 2024, 1, 500, 2, '2024-02-01', 'Paid', '2024-03-16 13:34:05', 70, NULL, '2'),
(3, 2024, 1, 500, 3, '2024-03-01', 'Paid', '2024-03-16 13:34:36', NULL, 1, '2'),
(4, 2024, 1, 500, 4, '2024-04-01', 'Paid', '2024-03-15 09:48:21', NULL, NULL, '1'),
(5, 2024, 1, 500, 5, '2024-05-01', 'Paid', '2024-03-15 09:48:21', NULL, NULL, '1'),
(6, 2024, 1, 500, 6, '2024-06-01', 'Paid', '2024-03-15 09:48:21', NULL, NULL, '1'),
(7, 2024, 1, 500, 7, '2024-07-01', 'Paid', '2024-03-15 09:48:21', NULL, NULL, '1'),
(8, 2024, 1, 500, 8, '2024-08-01', 'Paid', '2024-03-15 09:48:21', NULL, NULL, '1'),
(9, 2024, 1, 500, 9, '2024-09-01', 'Paid', '2024-03-15 09:48:21', NULL, NULL, '1'),
(10, 2024, 1, 500, 10, '2024-10-01', 'Paid', '2024-03-15 09:48:21', NULL, NULL, '1'),
(11, 2024, 1, 500, 11, '2024-11-01', 'Paid', '2024-03-15 09:48:21', NULL, NULL, '1'),
(12, 2024, 1, 500, 12, '2024-12-01', 'Paid', '2024-03-15 09:48:21', NULL, NULL, '1'),
(13, 2024, 2, 350, 1, '2024-01-01', 'Paid', '2024-03-11 06:23:35', NULL, NULL, '1'),
(14, 2024, 2, 350, 2, '2024-02-01', 'Paid', '2024-03-11 06:23:35', NULL, NULL, '1'),
(15, 2024, 2, 350, 3, '2024-03-01', 'Paid', '2024-03-11 06:23:35', NULL, NULL, '1'),
(16, 2024, 2, 350, 4, '2024-04-01', 'Paid', '2024-03-11 06:23:35', NULL, NULL, '1'),
(17, 2024, 2, 350, 5, '2024-05-01', 'Paid', '2024-03-11 06:23:35', NULL, NULL, '1'),
(18, 2024, 2, 350, 6, '2024-06-01', 'Paid', '2024-03-11 06:23:35', NULL, NULL, '1'),
(19, 2024, 2, 350, 7, '2024-07-01', 'Paid', '2024-03-11 06:23:35', NULL, NULL, '1'),
(20, 2024, 2, 350, 8, '2024-08-01', 'Paid', '2024-03-11 06:23:35', NULL, NULL, '1'),
(21, 2024, 2, 350, 9, '2024-09-01', 'Paid', '2024-03-11 06:23:35', NULL, NULL, '1'),
(22, 2024, 2, 350, 10, '2024-10-01', 'Paid', '2024-03-11 06:23:35', NULL, NULL, '1'),
(23, 2024, 2, 350, 11, '2024-11-01', 'Paid', '2024-03-11 06:23:35', NULL, NULL, '1'),
(24, 2024, 2, 350, 12, '2024-12-01', 'Paid', '2024-03-11 06:23:35', NULL, NULL, '1'),
(25, 2024, 4, 250, 1, '2024-01-01', 'Paid', '2024-03-11 06:23:35', NULL, NULL, '1'),
(26, 2024, 4, 250, 2, '2024-02-01', 'Paid', '2024-03-11 06:23:35', NULL, NULL, '1'),
(27, 2024, 4, 250, 3, '2024-03-01', 'Paid', '2024-03-11 06:23:35', NULL, NULL, '1'),
(28, 2024, 4, 250, 4, '2024-04-01', 'Paid', '2024-03-11 06:23:35', NULL, NULL, '1'),
(29, 2024, 4, 250, 5, '2024-05-01', 'Paid', '2024-03-11 06:23:35', NULL, NULL, '1'),
(30, 2024, 4, 250, 6, '2024-06-01', 'Paid', '2024-03-11 06:23:35', NULL, NULL, '1'),
(31, 2024, 4, 250, 7, '2024-07-01', 'Paid', '2024-03-11 06:23:35', NULL, NULL, '1'),
(32, 2024, 4, 250, 8, '2024-08-01', 'Paid', '2024-03-11 06:23:35', NULL, NULL, '1'),
(33, 2024, 4, 250, 9, '2024-09-01', 'Paid', '2024-03-11 06:23:35', NULL, NULL, '1'),
(34, 2024, 4, 250, 10, '2024-10-01', 'Paid', '2024-03-11 06:23:35', NULL, NULL, '1'),
(35, 2024, 4, 250, 11, '2024-11-01', 'Paid', '2024-03-11 06:23:35', NULL, NULL, '1'),
(36, 2024, 4, 250, 12, '2024-12-01', 'Paid', '2024-03-11 06:23:35', NULL, NULL, '1'),
(37, 2024, 5, 500, 1, '2024-01-01', 'Paid', '2024-03-11 06:23:35', NULL, NULL, '1'),
(38, 2024, 5, 500, 2, '2024-02-01', 'Paid', '2024-03-11 06:23:35', NULL, NULL, '1'),
(39, 2024, 5, 500, 3, '2024-03-01', 'Paid', '2024-03-11 06:23:35', NULL, NULL, '1'),
(40, 2024, 5, 500, 4, '2024-04-01', 'Paid', '2024-03-11 06:23:35', NULL, NULL, '1'),
(41, 2024, 5, 500, 5, '2024-05-01', 'Paid', '2024-03-11 06:23:35', NULL, NULL, '1'),
(42, 2024, 5, 500, 6, '2024-06-01', 'Paid', '2024-03-11 06:23:35', NULL, NULL, '1'),
(43, 2024, 5, 500, 7, '2024-07-01', 'Paid', '2024-03-11 06:23:35', NULL, NULL, '1'),
(44, 2024, 5, 500, 8, '2024-08-01', 'Paid', '2024-03-11 06:23:35', NULL, NULL, '1'),
(45, 2024, 5, 500, 9, '2024-09-01', 'Paid', '2024-03-11 06:23:35', NULL, NULL, '1'),
(46, 2024, 5, 500, 10, '2024-10-01', 'Paid', '2024-03-11 06:23:35', NULL, NULL, '1'),
(47, 2024, 5, 500, 11, '2024-11-01', 'Paid', '2024-03-11 06:23:35', NULL, NULL, '1'),
(48, 2024, 5, 500, 12, '2024-12-01', 'Paid', '2024-03-11 06:23:35', NULL, NULL, '1'),
(49, 2024, 6, 100, 1, '2024-01-01', 'Paid', '2024-03-11 06:23:35', NULL, NULL, '1'),
(50, 2024, 6, 100, 2, '2024-02-01', 'Paid', '2024-03-11 06:23:35', NULL, NULL, '1'),
(51, 2024, 6, 100, 3, '2024-03-01', 'Paid', '2024-03-11 06:23:35', NULL, NULL, '1'),
(52, 2024, 6, 100, 4, '2024-04-01', 'Paid', '2024-03-11 06:23:35', NULL, NULL, '1'),
(53, 2024, 6, 100, 5, '2024-05-01', 'Paid', '2024-03-11 06:23:35', NULL, NULL, '1'),
(54, 2024, 6, 100, 6, '2024-06-01', 'Paid', '2024-03-11 06:23:35', NULL, NULL, '1'),
(55, 2024, 6, 100, 7, '2024-07-01', 'Paid', '2024-03-11 06:23:35', NULL, NULL, '1'),
(56, 2024, 6, 100, 8, '2024-08-01', 'Paid', '2024-03-11 06:23:35', NULL, NULL, '1'),
(57, 2024, 6, 100, 9, '2024-09-01', 'Paid', '2024-03-11 06:23:35', NULL, NULL, '1'),
(58, 2024, 6, 100, 10, '2024-10-01', 'Paid', '2024-03-11 06:23:35', NULL, NULL, '1'),
(59, 2024, 6, 100, 11, '2024-11-01', 'Paid', '2024-03-11 06:23:35', NULL, NULL, '1'),
(60, 2024, 6, 100, 12, '2024-12-01', 'Paid', '2024-03-11 06:23:35', NULL, NULL, '1'),
(61, 2024, 7, 450, 1, '2024-01-01', 'Paid', '2024-03-11 06:23:35', NULL, NULL, '1'),
(62, 2024, 7, 450, 2, '2024-02-01', 'Paid', '2024-03-11 06:23:35', NULL, NULL, '1'),
(63, 2024, 7, 450, 3, '2024-03-01', 'Paid', '2024-03-11 06:23:35', NULL, NULL, '1'),
(64, 2024, 7, 450, 4, '2024-04-01', 'Paid', '2024-03-11 06:23:35', NULL, NULL, '1'),
(65, 2024, 7, 450, 5, '2024-05-01', 'Paid', '2024-03-11 06:23:35', NULL, NULL, '1'),
(66, 2024, 7, 450, 6, '2024-06-01', 'Paid', '2024-03-11 06:23:35', NULL, NULL, '1'),
(67, 2024, 7, 450, 7, '2024-07-01', 'Paid', '2024-03-11 06:23:35', NULL, NULL, '1'),
(68, 2024, 7, 450, 8, '2024-08-01', 'Paid', '2024-03-11 06:23:35', NULL, NULL, '1'),
(69, 2024, 7, 450, 9, '2024-09-01', 'Paid', '2024-03-11 06:23:35', NULL, NULL, '1'),
(70, 2024, 7, 450, 10, '2024-10-01', 'Paid', '2024-03-11 06:23:35', NULL, NULL, '1'),
(71, 2024, 7, 450, 11, '2024-11-01', 'Paid', '2024-03-11 06:23:35', NULL, NULL, '1'),
(72, 2024, 7, 450, 12, '2024-12-01', 'Paid', '2024-03-11 06:23:35', NULL, NULL, '1'),
(73, 2024, 8, 500, 1, '2024-01-01', 'Paid', '2024-03-11 06:23:35', NULL, NULL, '1'),
(74, 2024, 8, 500, 2, '2024-02-01', 'Paid', '2024-03-11 06:23:35', NULL, NULL, '1'),
(75, 2024, 8, 500, 3, '2024-03-01', 'Paid', '2024-03-11 06:23:35', NULL, NULL, '1'),
(76, 2024, 8, 500, 4, '2024-04-01', 'Paid', '2024-03-11 06:23:35', NULL, NULL, '1'),
(77, 2024, 8, 500, 5, '2024-05-01', 'Paid', '2024-03-11 06:23:35', NULL, NULL, '1'),
(78, 2024, 8, 500, 6, '2024-06-01', 'Paid', '2024-03-11 06:23:35', NULL, NULL, '1'),
(79, 2024, 8, 500, 7, '2024-07-01', 'Paid', '2024-03-11 06:23:35', NULL, NULL, '1'),
(80, 2024, 8, 500, 8, '2024-08-01', 'Paid', '2024-03-11 06:23:35', NULL, NULL, '1'),
(81, 2024, 8, 500, 9, '2024-09-01', 'Paid', '2024-03-11 06:23:35', NULL, NULL, '1'),
(82, 2024, 8, 500, 10, '2024-10-01', 'Paid', '2024-03-11 06:23:35', NULL, NULL, '1'),
(83, 2024, 8, 500, 11, '2024-11-01', 'Paid', '2024-03-11 06:23:35', NULL, NULL, '1'),
(84, 2024, 8, 500, 12, '2024-12-01', 'Paid', '2024-03-11 06:23:35', NULL, NULL, '1'),
(85, 2024, 20, 20, 1, '2024-01-01', 'Paid', '2024-03-11 06:23:35', NULL, NULL, '1'),
(86, 2024, 20, 20, 2, '2024-02-01', 'Paid', '2024-03-11 06:23:35', NULL, NULL, '1'),
(87, 2024, 20, 20, 3, '2024-03-01', 'Paid', '2024-03-11 06:23:35', NULL, NULL, '1'),
(88, 2024, 20, 20, 4, '2024-04-01', 'Paid', '2024-03-11 06:23:35', NULL, NULL, '1'),
(89, 2024, 20, 20, 5, '2024-05-01', 'Paid', '2024-03-11 06:23:35', NULL, NULL, '1'),
(90, 2024, 20, 20, 6, '2024-06-01', 'Paid', '2024-03-11 06:23:35', NULL, NULL, '1'),
(91, 2024, 20, 20, 7, '2024-07-01', 'Paid', '2024-03-11 06:23:35', NULL, NULL, '1'),
(92, 2024, 20, 20, 8, '2024-08-01', 'Paid', '2024-03-11 06:23:35', NULL, NULL, '1'),
(93, 2024, 20, 20, 9, '2024-09-01', 'Paid', '2024-03-11 06:23:35', NULL, NULL, '1'),
(94, 2024, 20, 20, 10, '2024-10-01', 'Paid', '2024-03-11 06:23:35', NULL, NULL, '1'),
(95, 2024, 20, 20, 11, '2024-11-01', 'Paid', '2024-03-11 06:23:35', NULL, NULL, '1'),
(96, 2024, 20, 20, 12, '2024-12-01', 'Paid', '2024-03-11 06:23:35', NULL, NULL, '1'),
(97, 2024, 21, 10, 1, '2024-01-01', 'Paid', '2024-03-11 06:23:35', NULL, NULL, '1'),
(98, 2024, 21, 10, 2, '2024-02-01', 'Paid', '2024-03-11 06:23:35', NULL, NULL, '1'),
(99, 2024, 21, 10, 3, '2024-03-01', 'Paid', '2024-03-11 06:23:35', NULL, NULL, '1'),
(100, 2024, 21, 10, 4, '2024-04-01', 'Paid', '2024-03-11 06:23:35', NULL, NULL, '1'),
(101, 2024, 21, 10, 5, '2024-05-01', 'Paid', '2024-03-11 06:23:35', NULL, NULL, '1'),
(102, 2024, 21, 10, 6, '2024-06-01', 'Paid', '2024-03-11 06:23:35', NULL, NULL, '1'),
(103, 2024, 21, 10, 7, '2024-07-01', 'Paid', '2024-03-11 06:23:35', NULL, NULL, '1'),
(104, 2024, 21, 10, 8, '2024-08-01', 'Paid', '2024-03-11 06:23:35', NULL, NULL, '1'),
(105, 2024, 21, 10, 9, '2024-09-01', 'Paid', '2024-03-11 06:23:35', NULL, NULL, '1'),
(106, 2024, 21, 10, 10, '2024-10-01', 'Paid', '2024-03-11 06:23:35', NULL, NULL, '1'),
(107, 2024, 21, 10, 11, '2024-11-01', 'Paid', '2024-03-11 06:23:35', NULL, NULL, '1'),
(108, 2024, 21, 10, 12, '2024-12-01', 'Paid', '2024-03-11 06:23:35', NULL, NULL, '1'),
(109, 2024, 22, 100, 1, '2024-01-01', 'Paid', '2024-03-11 06:23:35', NULL, NULL, '1'),
(110, 2024, 22, 100, 2, '2024-02-01', 'Paid', '2024-03-11 06:23:35', NULL, NULL, '1'),
(111, 2024, 22, 100, 3, '2024-03-01', 'Paid', '2024-03-11 06:23:35', NULL, NULL, '1'),
(112, 2024, 22, 100, 4, '2024-04-01', 'Paid', '2024-03-11 06:23:35', NULL, NULL, '1'),
(113, 2024, 22, 100, 5, '2024-05-01', 'Paid', '2024-03-11 06:23:35', NULL, NULL, '1'),
(114, 2024, 22, 100, 6, '2024-06-01', 'Paid', '2024-03-11 06:23:35', NULL, NULL, '1'),
(115, 2024, 22, 100, 7, '2024-07-01', 'Paid', '2024-03-11 06:23:35', NULL, NULL, '1'),
(116, 2024, 22, 100, 8, '2024-08-01', 'Paid', '2024-03-11 06:23:35', NULL, NULL, '1'),
(117, 2024, 22, 100, 9, '2024-09-01', 'Paid', '2024-03-11 06:23:35', NULL, NULL, '1'),
(118, 2024, 22, 100, 10, '2024-10-01', 'Paid', '2024-03-11 06:23:35', NULL, NULL, '1'),
(119, 2024, 22, 100, 11, '2024-11-01', 'Paid', '2024-03-11 06:23:35', NULL, NULL, '1'),
(120, 2024, 22, 100, 12, '2024-12-01', 'Paid', '2024-03-16 13:14:23', 70, NULL, '2'),
(121, 2024, 23, 500, 1, '2024-01-01', 'Paid', '2024-03-11 06:23:35', NULL, NULL, '1'),
(122, 2024, 23, 500, 2, '2024-02-01', 'Paid', '2024-03-11 06:23:35', NULL, NULL, '1'),
(123, 2024, 23, 500, 3, '2024-03-01', 'Paid', '2024-03-11 06:23:35', NULL, NULL, '1'),
(124, 2024, 23, 500, 4, '2024-04-01', 'Paid', '2024-03-11 06:23:35', NULL, NULL, '1'),
(125, 2024, 23, 500, 5, '2024-05-01', 'Paid', '2024-03-11 06:23:35', NULL, NULL, '1'),
(126, 2024, 23, 500, 6, '2024-06-01', 'Paid', '2024-03-11 06:23:35', NULL, NULL, '1'),
(127, 2024, 23, 500, 7, '2024-07-01', 'Paid', '2024-03-11 06:23:35', NULL, NULL, '1'),
(128, 2024, 23, 500, 8, '2024-08-01', 'Paid', '2024-03-11 06:23:35', NULL, NULL, '1'),
(129, 2024, 23, 500, 9, '2024-09-01', 'Paid', '2024-03-11 06:23:35', NULL, NULL, '1'),
(130, 2024, 23, 500, 10, '2024-10-01', 'Paid', '2024-03-11 06:23:35', NULL, NULL, '1'),
(131, 2024, 23, 500, 11, '2024-11-01', 'Paid', '2024-03-11 06:23:35', NULL, NULL, '1'),
(132, 2024, 23, 500, 12, '2024-12-01', 'Paid', '2024-03-11 06:23:35', NULL, NULL, '1'),
(133, 2024, 24, 200, 1, '2024-01-01', 'Paid', '2024-03-11 06:23:35', NULL, NULL, '1'),
(134, 2024, 24, 200, 2, '2024-02-01', 'Paid', '2024-03-11 06:23:35', NULL, NULL, '1'),
(135, 2024, 24, 200, 3, '2024-03-01', 'Paid', '2024-03-11 06:23:35', NULL, NULL, '1'),
(136, 2024, 24, 200, 4, '2024-04-01', 'Paid', '2024-03-11 06:23:35', NULL, NULL, '1'),
(137, 2024, 24, 200, 5, '2024-05-01', 'Paid', '2024-03-11 06:23:35', NULL, NULL, '1'),
(138, 2024, 24, 200, 6, '2024-06-01', 'Paid', '2024-03-11 06:23:35', NULL, NULL, '1'),
(139, 2024, 24, 200, 7, '2024-07-01', 'Paid', '2024-03-11 06:23:35', NULL, NULL, '1'),
(140, 2024, 24, 200, 8, '2024-08-01', 'Paid', '2024-03-11 06:23:35', NULL, NULL, '1'),
(141, 2024, 24, 200, 9, '2024-09-01', 'Paid', '2024-03-11 06:23:35', NULL, NULL, '1'),
(142, 2024, 24, 200, 10, '2024-10-01', 'Paid', '2024-03-11 06:23:35', NULL, NULL, '1'),
(143, 2024, 24, 200, 11, '2024-11-01', 'Paid', '2024-03-11 06:23:35', NULL, NULL, '1'),
(144, 2024, 24, 200, 12, '2024-12-01', 'Paid', '2024-03-11 06:23:35', NULL, NULL, '1'),
(145, 2024, 25, 350, 1, '2024-01-01', 'Paid', '2024-03-11 06:23:35', NULL, NULL, '1'),
(146, 2024, 25, 350, 2, '2024-02-01', 'Paid', '2024-03-11 06:23:35', NULL, NULL, '1'),
(147, 2024, 25, 350, 3, '2024-03-01', 'Paid', '2024-03-11 06:23:35', NULL, NULL, '1'),
(148, 2024, 25, 350, 4, '2024-04-01', 'Paid', '2024-03-11 06:23:35', NULL, NULL, '1'),
(149, 2024, 25, 350, 5, '2024-05-01', 'Paid', '2024-03-11 06:23:35', NULL, NULL, '1'),
(150, 2024, 25, 350, 6, '2024-06-01', 'Paid', '2024-03-11 06:23:35', NULL, NULL, '1'),
(151, 2024, 25, 350, 7, '2024-07-01', 'Paid', '2024-03-11 06:23:35', NULL, NULL, '1'),
(152, 2024, 25, 350, 8, '2024-08-01', 'Paid', '2024-03-11 06:23:35', NULL, NULL, '1'),
(153, 2024, 25, 350, 9, '2024-09-01', 'Paid', '2024-03-11 06:23:35', NULL, NULL, '1'),
(154, 2024, 25, 350, 10, '2024-10-01', 'Paid', '2024-03-11 06:23:35', NULL, NULL, '1'),
(155, 2024, 25, 350, 11, '2024-11-01', 'Paid', '2024-03-11 06:23:35', NULL, NULL, '1'),
(156, 2024, 25, 350, 12, '2024-12-01', 'Paid', '2024-03-11 06:23:35', NULL, NULL, '1'),
(157, 2024, 26, 300, 1, '2024-01-01', 'Paid', '2024-03-11 06:23:35', NULL, NULL, '1'),
(158, 2024, 26, 300, 2, '2024-02-01', 'Paid', '2024-03-11 06:23:35', NULL, NULL, '1'),
(159, 2024, 26, 300, 3, '2024-03-01', 'Paid', '2024-03-11 06:23:35', NULL, NULL, '1'),
(160, 2024, 26, 300, 4, '2024-04-01', 'Paid', '2024-03-11 06:23:35', NULL, NULL, '1'),
(161, 2024, 26, 300, 5, '2024-05-01', 'Paid', '2024-03-11 06:23:35', NULL, NULL, '1'),
(162, 2024, 26, 300, 6, '2024-06-01', 'Paid', '2024-03-11 06:23:35', NULL, NULL, '1'),
(163, 2024, 26, 300, 7, '2024-07-01', 'Paid', '2024-03-11 06:23:35', NULL, NULL, '1'),
(164, 2024, 26, 300, 8, '2024-08-01', 'Paid', '2024-03-11 06:23:35', NULL, NULL, '1'),
(165, 2024, 26, 300, 9, '2024-09-01', 'Paid', '2024-03-11 06:23:35', NULL, NULL, '1'),
(166, 2024, 26, 300, 10, '2024-10-01', 'Paid', '2024-03-11 06:23:35', NULL, NULL, '1'),
(167, 2024, 26, 300, 11, '2024-11-01', 'Paid', '2024-03-11 06:23:35', NULL, NULL, '1'),
(168, 2024, 26, 300, 12, '2024-12-01', 'Paid', '2024-03-11 06:23:35', NULL, NULL, '1'),
(169, 2024, 27, 100, 1, '2024-01-01', 'Paid', '2024-03-11 06:23:35', NULL, NULL, '1'),
(170, 2024, 27, 100, 2, '2024-02-01', 'Paid', '2024-03-11 06:23:35', NULL, NULL, '1'),
(171, 2024, 27, 100, 3, '2024-03-01', 'Paid', '2024-03-11 06:23:35', NULL, NULL, '1'),
(172, 2024, 27, 100, 4, '2024-04-01', 'Paid', '2024-03-11 06:23:35', NULL, NULL, '1'),
(173, 2024, 27, 100, 5, '2024-05-01', 'Paid', '2024-03-11 06:23:35', NULL, NULL, '1'),
(174, 2024, 27, 100, 6, '2024-06-01', 'Paid', '2024-03-11 06:23:35', NULL, NULL, '1'),
(175, 2024, 27, 100, 7, '2024-07-01', 'Paid', '2024-03-11 06:23:35', NULL, NULL, '1'),
(176, 2024, 27, 100, 8, '2024-08-01', 'Paid', '2024-03-11 06:23:35', NULL, NULL, '1'),
(177, 2024, 27, 100, 9, '2024-09-01', 'Paid', '2024-03-11 06:23:35', NULL, NULL, '1'),
(178, 2024, 27, 100, 10, '2024-10-01', 'Paid', '2024-03-11 06:23:35', NULL, NULL, '1'),
(179, 2024, 27, 100, 11, '2024-11-01', 'Paid', '2024-03-11 06:23:35', NULL, NULL, '1'),
(180, 2024, 27, 100, 12, '2024-12-01', 'Paid', '2024-03-11 06:23:35', NULL, NULL, '1'),
(181, 2023, 1, 100, 1, '2025-01-01', 'Paid', '2024-03-15 09:33:57', NULL, NULL, '1'),
(182, 2023, 1, 100, 2, '2025-02-01', 'Paid', '2024-03-15 09:33:57', NULL, NULL, '1'),
(183, 2023, 1, 100, 3, '2025-03-01', 'Paid', '2024-03-16 13:34:36', NULL, 1, '2'),
(184, 2023, 1, 100, 4, '2025-04-01', 'Paid', '2024-03-15 09:33:57', NULL, NULL, '1'),
(185, 2023, 1, 100, 5, '2025-05-01', 'Paid', '2024-03-15 09:33:57', NULL, NULL, '1'),
(186, 2023, 1, 100, 6, '2025-06-01', 'Paid', '2024-03-15 09:33:57', NULL, NULL, '1'),
(187, 2023, 1, 100, 7, '2025-07-01', 'Paid', '2024-03-15 09:33:57', NULL, NULL, '1'),
(188, 2023, 1, 100, 8, '2025-08-01', 'Paid', '2024-03-15 09:33:57', NULL, NULL, '1'),
(189, 2023, 1, 100, 9, '2025-09-01', 'Paid', '2024-03-15 09:33:57', NULL, NULL, '1'),
(190, 2023, 1, 100, 10, '2025-10-01', 'Paid', '2024-03-15 09:33:57', NULL, NULL, '1'),
(191, 2023, 1, 100, 11, '2025-11-01', 'Paid', '2024-03-15 09:33:57', NULL, NULL, '1'),
(192, 2023, 1, 100, 12, '2025-12-01', 'Paid', '2024-03-15 09:33:57', NULL, NULL, '1'),
(193, 2023, 2, 350, 1, '2025-01-01', 'Paid', '2024-03-15 09:33:57', NULL, NULL, '1'),
(194, 2023, 2, 350, 2, '2025-02-01', 'Paid', '2024-03-15 09:33:57', NULL, NULL, '1'),
(195, 2023, 2, 350, 3, '2025-03-01', 'Paid', '2024-03-15 09:33:57', NULL, NULL, '1'),
(196, 2023, 2, 350, 4, '2025-04-01', 'Paid', '2024-03-15 09:33:57', NULL, NULL, '1'),
(197, 2023, 2, 350, 5, '2025-05-01', 'Paid', '2024-03-15 09:33:57', NULL, NULL, '1'),
(198, 2023, 2, 350, 6, '2025-06-01', 'Paid', '2024-03-15 09:33:57', NULL, NULL, '1'),
(199, 2023, 2, 350, 7, '2025-07-01', 'Paid', '2024-03-15 09:33:57', NULL, NULL, '1'),
(200, 2023, 2, 350, 8, '2025-08-01', 'Paid', '2024-03-15 09:33:57', NULL, NULL, '1'),
(201, 2023, 2, 350, 9, '2025-09-01', 'Paid', '2024-03-15 09:33:57', NULL, NULL, '1'),
(202, 2023, 2, 350, 10, '2025-10-01', 'Paid', '2024-03-15 09:33:57', NULL, NULL, '1'),
(203, 2023, 2, 350, 11, '2025-11-01', 'Paid', '2024-03-15 09:33:57', NULL, NULL, '1'),
(204, 2023, 2, 350, 12, '2025-12-01', 'Paid', '2024-03-15 09:33:57', NULL, NULL, '1'),
(205, 2023, 4, 250, 1, '2025-01-01', 'Paid', '2024-03-15 09:33:57', NULL, NULL, '1'),
(206, 2023, 4, 250, 2, '2025-02-01', 'Paid', '2024-03-15 09:33:57', NULL, NULL, '1'),
(207, 2023, 4, 250, 3, '2025-03-01', 'Paid', '2024-03-15 09:33:57', NULL, NULL, '1'),
(208, 2023, 4, 250, 4, '2025-04-01', 'Paid', '2024-03-15 09:33:57', NULL, NULL, '1'),
(209, 2023, 4, 250, 5, '2025-05-01', 'Paid', '2024-03-15 09:33:57', NULL, NULL, '1'),
(210, 2023, 4, 250, 6, '2025-06-01', 'Paid', '2024-03-15 09:33:57', NULL, NULL, '1'),
(211, 2023, 4, 250, 7, '2025-07-01', 'Paid', '2024-03-15 09:33:57', NULL, NULL, '1'),
(212, 2023, 4, 250, 8, '2025-08-01', 'Paid', '2024-03-15 09:33:57', NULL, NULL, '1'),
(213, 2023, 4, 250, 9, '2025-09-01', 'Paid', '2024-03-15 09:33:57', NULL, NULL, '1'),
(214, 2023, 4, 250, 10, '2025-10-01', 'Paid', '2024-03-15 09:33:57', NULL, NULL, '1'),
(215, 2023, 4, 250, 11, '2025-11-01', 'Paid', '2024-03-15 09:33:57', NULL, NULL, '1'),
(216, 2023, 4, 250, 12, '2025-12-01', 'Paid', '2024-03-15 09:33:57', NULL, NULL, '1'),
(217, 2023, 5, 500, 1, '2025-01-01', 'Paid', '2024-03-15 09:33:57', NULL, NULL, '1'),
(218, 2023, 5, 500, 2, '2025-02-01', 'Paid', '2024-03-15 09:33:57', NULL, NULL, '1'),
(219, 2023, 5, 500, 3, '2025-03-01', 'Paid', '2024-03-15 09:33:57', NULL, NULL, '1'),
(220, 2023, 5, 500, 4, '2025-04-01', 'Paid', '2024-03-15 09:33:57', NULL, NULL, '1'),
(221, 2023, 5, 500, 5, '2025-05-01', 'Paid', '2024-03-15 09:33:57', NULL, NULL, '1'),
(222, 2023, 5, 500, 6, '2025-06-01', 'Paid', '2024-03-15 09:33:57', NULL, NULL, '1'),
(223, 2023, 5, 500, 7, '2025-07-01', 'Paid', '2024-03-15 09:33:57', NULL, NULL, '1'),
(224, 2023, 5, 500, 8, '2025-08-01', 'Paid', '2024-03-15 09:33:57', NULL, NULL, '1'),
(225, 2023, 5, 500, 9, '2025-09-01', 'Paid', '2024-03-15 09:33:57', NULL, NULL, '1'),
(226, 2023, 5, 500, 10, '2025-10-01', 'Paid', '2024-03-15 09:33:57', NULL, NULL, '1'),
(227, 2023, 5, 500, 11, '2025-11-01', 'Paid', '2024-03-15 09:33:57', NULL, NULL, '1'),
(228, 2023, 5, 500, 12, '2025-12-01', 'Paid', '2024-03-15 09:33:57', NULL, NULL, '1'),
(229, 2023, 6, 100, 1, '2025-01-01', 'Paid', '2024-03-15 09:33:57', NULL, NULL, '1'),
(230, 2023, 6, 100, 2, '2025-02-01', 'Paid', '2024-03-15 09:33:57', NULL, NULL, '1'),
(231, 2023, 6, 100, 3, '2025-03-01', 'Paid', '2024-03-15 09:33:57', NULL, NULL, '1'),
(232, 2023, 6, 100, 4, '2025-04-01', 'Paid', '2024-03-15 09:33:57', NULL, NULL, '1'),
(233, 2023, 6, 100, 5, '2025-05-01', 'Paid', '2024-03-15 09:33:57', NULL, NULL, '1'),
(234, 2023, 6, 100, 6, '2025-06-01', 'Paid', '2024-03-15 09:33:57', NULL, NULL, '1'),
(235, 2023, 6, 100, 7, '2025-07-01', 'Paid', '2024-03-15 09:33:57', NULL, NULL, '1'),
(236, 2023, 6, 100, 8, '2025-08-01', 'Paid', '2024-03-15 09:33:57', NULL, NULL, '1'),
(237, 2023, 6, 100, 9, '2025-09-01', 'Paid', '2024-03-15 09:33:57', NULL, NULL, '1'),
(238, 2023, 6, 100, 10, '2025-10-01', 'Paid', '2024-03-15 09:33:57', NULL, NULL, '1'),
(239, 2023, 6, 100, 11, '2025-11-01', 'Paid', '2024-03-15 09:33:57', NULL, NULL, '1'),
(240, 2023, 6, 100, 12, '2025-12-01', 'Paid', '2024-03-15 09:33:57', NULL, NULL, '1'),
(241, 2023, 7, 450, 1, '2025-01-01', 'Paid', '2024-03-15 09:33:57', NULL, NULL, '1'),
(242, 2023, 7, 450, 2, '2025-02-01', 'Paid', '2024-03-15 09:33:57', NULL, NULL, '1'),
(243, 2023, 7, 450, 3, '2025-03-01', 'Paid', '2024-03-15 09:33:57', NULL, NULL, '1'),
(244, 2023, 7, 450, 4, '2025-04-01', 'Paid', '2024-03-15 09:33:57', NULL, NULL, '1'),
(245, 2023, 7, 450, 5, '2025-05-01', 'Paid', '2024-03-15 09:33:57', NULL, NULL, '1'),
(246, 2023, 7, 450, 6, '2025-06-01', 'Paid', '2024-03-15 09:33:57', NULL, NULL, '1'),
(247, 2023, 7, 450, 7, '2025-07-01', 'Paid', '2024-03-15 09:33:57', NULL, NULL, '1'),
(248, 2023, 7, 450, 8, '2025-08-01', 'Paid', '2024-03-15 09:33:57', NULL, NULL, '1'),
(249, 2023, 7, 450, 9, '2025-09-01', 'Paid', '2024-03-15 09:33:57', NULL, NULL, '1'),
(250, 2023, 7, 450, 10, '2025-10-01', 'Paid', '2024-03-15 09:33:57', NULL, NULL, '1'),
(251, 2023, 7, 450, 11, '2025-11-01', 'Paid', '2024-03-15 09:33:57', NULL, NULL, '1'),
(252, 2023, 7, 450, 12, '2025-12-01', 'Paid', '2024-03-15 09:33:57', NULL, NULL, '1'),
(253, 2023, 8, 500, 1, '2025-01-01', 'Paid', '2024-03-15 09:33:57', NULL, NULL, '1'),
(254, 2023, 8, 500, 2, '2025-02-01', 'Paid', '2024-03-15 09:33:57', NULL, NULL, '1'),
(255, 2023, 8, 500, 3, '2025-03-01', 'Paid', '2024-03-15 09:33:57', NULL, NULL, '1'),
(256, 2023, 8, 500, 4, '2025-04-01', 'Paid', '2024-03-15 09:33:57', NULL, NULL, '1'),
(257, 2023, 8, 500, 5, '2025-05-01', 'Paid', '2024-03-15 09:33:57', NULL, NULL, '1'),
(258, 2023, 8, 500, 6, '2025-06-01', 'Paid', '2024-03-15 09:33:57', NULL, NULL, '1'),
(259, 2023, 8, 500, 7, '2025-07-01', 'Paid', '2024-03-15 09:33:57', NULL, NULL, '1'),
(260, 2023, 8, 500, 8, '2025-08-01', 'Paid', '2024-03-15 09:33:57', NULL, NULL, '1'),
(261, 2023, 8, 500, 9, '2025-09-01', 'Paid', '2024-03-15 09:33:57', NULL, NULL, '1'),
(262, 2023, 8, 500, 10, '2025-10-01', 'Paid', '2024-03-15 09:33:57', NULL, NULL, '1'),
(263, 2023, 8, 500, 11, '2025-11-01', 'Paid', '2024-03-15 09:33:57', NULL, NULL, '1'),
(264, 2023, 8, 500, 12, '2025-12-01', 'Paid', '2024-03-15 09:33:57', NULL, NULL, '1'),
(265, 2023, 20, 20, 1, '2025-01-01', 'Paid', '2024-03-15 09:33:57', NULL, NULL, '1'),
(266, 2023, 20, 20, 2, '2025-02-01', 'Paid', '2024-03-15 09:33:57', NULL, NULL, '1'),
(267, 2023, 20, 20, 3, '2025-03-01', 'Paid', '2024-03-15 09:33:57', NULL, NULL, '1'),
(268, 2023, 20, 20, 4, '2025-04-01', 'Paid', '2024-03-15 09:33:57', NULL, NULL, '1'),
(269, 2023, 20, 20, 5, '2025-05-01', 'Paid', '2024-03-15 09:33:57', NULL, NULL, '1'),
(270, 2023, 20, 20, 6, '2025-06-01', 'Paid', '2024-03-15 09:33:57', NULL, NULL, '1'),
(271, 2023, 20, 20, 7, '2025-07-01', 'Paid', '2024-03-15 09:33:57', NULL, NULL, '1'),
(272, 2023, 20, 20, 8, '2025-08-01', 'Paid', '2024-03-15 09:33:57', NULL, NULL, '1'),
(273, 2023, 20, 20, 9, '2025-09-01', 'Paid', '2024-03-15 09:33:57', NULL, NULL, '1'),
(274, 2023, 20, 20, 10, '2025-10-01', 'Paid', '2024-03-15 09:33:57', NULL, NULL, '1'),
(275, 2023, 20, 20, 11, '2025-11-01', 'Paid', '2024-03-15 09:33:57', NULL, NULL, '1'),
(276, 2023, 20, 20, 12, '2025-12-01', 'Paid', '2024-03-15 09:33:57', NULL, NULL, '1'),
(277, 2023, 21, 10, 1, '2025-01-01', 'Paid', '2024-03-15 09:33:57', NULL, NULL, '1'),
(278, 2023, 21, 10, 2, '2025-02-01', 'Paid', '2024-03-15 09:33:57', NULL, NULL, '1'),
(279, 2023, 21, 10, 3, '2025-03-01', 'Paid', '2024-03-15 09:33:57', NULL, NULL, '1'),
(280, 2023, 21, 10, 4, '2025-04-01', 'Paid', '2024-03-15 09:33:57', NULL, NULL, '1'),
(281, 2023, 21, 10, 5, '2025-05-01', 'Paid', '2024-03-15 09:33:57', NULL, NULL, '1'),
(282, 2023, 21, 10, 6, '2025-06-01', 'Paid', '2024-03-15 09:33:57', NULL, NULL, '1'),
(283, 2023, 21, 10, 7, '2025-07-01', 'Paid', '2024-03-15 09:33:57', NULL, NULL, '1'),
(284, 2023, 21, 10, 8, '2025-08-01', 'Paid', '2024-03-15 09:33:57', NULL, NULL, '1'),
(285, 2023, 21, 10, 9, '2025-09-01', 'Paid', '2024-03-15 09:33:57', NULL, NULL, '1'),
(286, 2023, 21, 10, 10, '2025-10-01', 'Paid', '2024-03-15 09:33:57', NULL, NULL, '1'),
(287, 2023, 21, 10, 11, '2025-11-01', 'Paid', '2024-03-15 09:33:57', NULL, NULL, '1'),
(288, 2023, 21, 10, 12, '2025-12-01', 'Paid', '2024-03-15 09:33:57', NULL, NULL, '1'),
(289, 2023, 22, 100, 1, '2025-01-01', 'Paid', '2024-03-15 09:33:57', NULL, NULL, '1'),
(290, 2023, 22, 100, 2, '2025-02-01', 'Paid', '2024-03-15 09:33:57', NULL, NULL, '1'),
(291, 2023, 22, 100, 3, '2025-03-01', 'Paid', '2024-03-15 09:33:57', NULL, NULL, '1'),
(292, 2023, 22, 100, 4, '2025-04-01', 'Paid', '2024-03-15 09:33:57', NULL, NULL, '1'),
(293, 2023, 22, 100, 5, '2025-05-01', 'Paid', '2024-03-15 09:33:57', NULL, NULL, '1'),
(294, 2023, 22, 100, 6, '2025-06-01', 'Paid', '2024-03-15 09:33:57', NULL, NULL, '1'),
(295, 2023, 22, 100, 7, '2025-07-01', 'Paid', '2024-03-15 09:33:57', NULL, NULL, '1'),
(296, 2023, 22, 100, 8, '2025-08-01', 'Paid', '2024-03-15 09:33:57', NULL, NULL, '1'),
(297, 2023, 22, 100, 9, '2025-09-01', 'Paid', '2024-03-15 09:33:57', NULL, NULL, '1'),
(298, 2023, 22, 100, 10, '2025-10-01', 'Paid', '2024-03-15 09:33:57', NULL, NULL, '1'),
(299, 2023, 22, 100, 11, '2025-11-01', 'Paid', '2024-03-15 09:33:57', NULL, NULL, '1'),
(300, 2023, 22, 100, 12, '2025-12-01', 'Paid', '2024-03-16 13:14:23', 70, NULL, '2'),
(301, 2023, 23, 500, 1, '2025-01-01', 'Paid', '2024-03-15 09:33:57', NULL, NULL, '1'),
(302, 2023, 23, 500, 2, '2025-02-01', 'Paid', '2024-03-15 09:33:57', NULL, NULL, '1'),
(303, 2023, 23, 500, 3, '2025-03-01', 'Paid', '2024-03-15 09:33:57', NULL, NULL, '1'),
(304, 2023, 23, 500, 4, '2025-04-01', 'Paid', '2024-03-15 09:33:57', NULL, NULL, '1'),
(305, 2023, 23, 500, 5, '2025-05-01', 'Paid', '2024-03-15 09:33:57', NULL, NULL, '1'),
(306, 2023, 23, 500, 6, '2025-06-01', 'Paid', '2024-03-15 09:33:57', NULL, NULL, '1'),
(307, 2023, 23, 500, 7, '2025-07-01', 'Paid', '2024-03-15 09:33:57', NULL, NULL, '1'),
(308, 2023, 23, 500, 8, '2025-08-01', 'Paid', '2024-03-15 09:33:57', NULL, NULL, '1'),
(309, 2023, 23, 500, 9, '2025-09-01', 'Paid', '2024-03-15 09:33:57', NULL, NULL, '1'),
(310, 2023, 23, 500, 10, '2025-10-01', 'Paid', '2024-03-15 09:33:57', NULL, NULL, '1'),
(311, 2023, 23, 500, 11, '2025-11-01', 'Paid', '2024-03-15 09:33:57', NULL, NULL, '1'),
(312, 2023, 23, 500, 12, '2025-12-01', 'Paid', '2024-03-15 09:33:57', NULL, NULL, '1'),
(313, 2023, 24, 200, 1, '2025-01-01', 'Paid', '2024-03-15 09:33:57', NULL, NULL, '1'),
(314, 2023, 24, 200, 2, '2025-02-01', 'Paid', '2024-03-15 09:33:57', NULL, NULL, '1'),
(315, 2023, 24, 200, 3, '2025-03-01', 'Paid', '2024-03-15 09:33:57', NULL, NULL, '1'),
(316, 2023, 24, 200, 4, '2025-04-01', 'Paid', '2024-03-15 09:33:57', NULL, NULL, '1'),
(317, 2023, 24, 200, 5, '2025-05-01', 'Paid', '2024-03-15 09:33:57', NULL, NULL, '1'),
(318, 2023, 24, 200, 6, '2025-06-01', 'Paid', '2024-03-15 09:33:57', NULL, NULL, '1'),
(319, 2023, 24, 200, 7, '2025-07-01', 'Paid', '2024-03-15 09:33:57', NULL, NULL, '1'),
(320, 2023, 24, 200, 8, '2025-08-01', 'Paid', '2024-03-15 09:33:57', NULL, NULL, '1'),
(321, 2023, 24, 200, 9, '2025-09-01', 'Paid', '2024-03-15 09:33:57', NULL, NULL, '1'),
(322, 2023, 24, 200, 10, '2025-10-01', 'Paid', '2024-03-15 09:33:57', NULL, NULL, '1'),
(323, 2023, 24, 200, 11, '2025-11-01', 'Paid', '2024-03-15 09:33:57', NULL, NULL, '1'),
(324, 2023, 24, 200, 12, '2025-12-01', 'Paid', '2024-03-15 09:33:57', NULL, NULL, '1'),
(325, 2023, 25, 350, 1, '2025-01-01', 'Paid', '2024-03-15 09:33:57', NULL, NULL, '1'),
(326, 2023, 25, 350, 2, '2025-02-01', 'Paid', '2024-03-15 09:33:57', NULL, NULL, '1'),
(327, 2023, 25, 350, 3, '2025-03-01', 'Paid', '2024-03-15 09:33:57', NULL, NULL, '1'),
(328, 2023, 25, 350, 4, '2025-04-01', 'Paid', '2024-03-15 09:33:57', NULL, NULL, '1'),
(329, 2023, 25, 350, 5, '2025-05-01', 'Paid', '2024-03-15 09:33:57', NULL, NULL, '1'),
(330, 2023, 25, 350, 6, '2025-06-01', 'Paid', '2024-03-15 09:33:57', NULL, NULL, '1'),
(331, 2023, 25, 350, 7, '2025-07-01', 'Paid', '2024-03-15 09:33:57', NULL, NULL, '1'),
(332, 2023, 25, 350, 8, '2025-08-01', 'Paid', '2024-03-15 09:33:57', NULL, NULL, '1'),
(333, 2023, 25, 350, 9, '2025-09-01', 'Paid', '2024-03-15 09:33:57', NULL, NULL, '1'),
(334, 2023, 25, 350, 10, '2025-10-01', 'Paid', '2024-03-15 09:33:57', NULL, NULL, '1'),
(335, 2023, 25, 350, 11, '2025-11-01', 'Paid', '2024-03-15 09:33:57', NULL, NULL, '1'),
(336, 2023, 25, 350, 12, '2025-12-01', 'Paid', '2024-03-15 09:33:57', NULL, NULL, '1'),
(337, 2023, 26, 300, 1, '2025-01-01', 'Paid', '2024-03-15 09:33:57', NULL, NULL, '1'),
(338, 2023, 26, 300, 2, '2025-02-01', 'Paid', '2024-03-15 09:33:57', NULL, NULL, '1'),
(339, 2023, 26, 300, 3, '2025-03-01', 'Paid', '2024-03-15 09:33:57', NULL, NULL, '1'),
(340, 2023, 26, 300, 4, '2025-04-01', 'Paid', '2024-03-15 09:33:57', NULL, NULL, '1'),
(341, 2023, 26, 300, 5, '2025-05-01', 'Paid', '2024-03-15 09:33:57', NULL, NULL, '1'),
(342, 2023, 26, 300, 6, '2025-06-01', 'Paid', '2024-03-15 09:33:57', NULL, NULL, '1'),
(343, 2023, 26, 300, 7, '2025-07-01', 'Paid', '2024-03-15 09:33:57', NULL, NULL, '1'),
(344, 2023, 26, 300, 8, '2025-08-01', 'Paid', '2024-03-15 09:33:57', NULL, NULL, '1'),
(345, 2023, 26, 300, 9, '2025-09-01', 'Paid', '2024-03-15 09:33:57', NULL, NULL, '1'),
(346, 2023, 26, 300, 10, '2025-10-01', 'Paid', '2024-03-15 09:33:57', NULL, NULL, '1'),
(347, 2023, 26, 300, 11, '2025-11-01', 'Paid', '2024-03-15 09:33:57', NULL, NULL, '1'),
(348, 2023, 26, 300, 12, '2025-12-01', 'Paid', '2024-03-15 09:33:57', NULL, NULL, '1'),
(349, 2023, 27, 100, 1, '2025-01-01', 'Paid', '2024-03-15 09:33:57', NULL, NULL, '1'),
(350, 2023, 27, 100, 2, '2025-02-01', 'Paid', '2024-03-15 09:33:57', NULL, NULL, '1'),
(351, 2023, 27, 100, 3, '2025-03-01', 'Paid', '2024-03-15 09:33:57', NULL, NULL, '1'),
(352, 2023, 27, 100, 4, '2025-04-01', 'Paid', '2024-03-15 09:33:57', NULL, NULL, '1'),
(353, 2023, 27, 100, 5, '2025-05-01', 'Paid', '2024-03-15 09:33:57', NULL, NULL, '1'),
(354, 2023, 27, 100, 6, '2025-06-01', 'Paid', '2024-03-15 09:33:57', NULL, NULL, '1'),
(355, 2023, 27, 100, 7, '2025-07-01', 'Paid', '2024-03-15 09:33:57', NULL, NULL, '1'),
(356, 2023, 27, 100, 8, '2025-08-01', 'Paid', '2024-03-15 09:33:57', NULL, NULL, '1'),
(357, 2023, 27, 100, 9, '2025-09-01', 'Paid', '2024-03-15 09:33:57', NULL, NULL, '1'),
(358, 2023, 27, 100, 10, '2025-10-01', 'Paid', '2024-03-15 09:33:57', NULL, NULL, '1'),
(359, 2023, 27, 100, 11, '2025-11-01', 'Paid', '2024-03-15 09:33:57', NULL, NULL, '1'),
(360, 2023, 27, 100, 12, '2025-12-01', 'Paid', '2024-03-15 09:33:57', NULL, NULL, '1');

-- --------------------------------------------------------

--
-- Table structure for table `dtc_dividend`
--

CREATE TABLE `dtc_dividend` (
  `dv_id` int(11) NOT NULL,
  `dv_total_d` int(11) NOT NULL,
  `dv_date` timestamp NOT NULL DEFAULT current_timestamp() ON UPDATE current_timestamp(),
  `dv_total_increase` int(11) NOT NULL,
  `dv_percent` int(10) NOT NULL,
  `dv_mean` int(10) NOT NULL,
  `dv_risk` int(11) NOT NULL,
  `dv_cal` float NOT NULL,
  `m_id` int(10) DEFAULT NULL
) ENGINE=InnoDB DEFAULT CHARSET=utf8;

--
-- Dumping data for table `dtc_dividend`
--

INSERT INTO `dtc_dividend` (`dv_id`, `dv_total_d`, `dv_date`, `dv_total_increase`, `dv_percent`, `dv_mean`, `dv_risk`, `dv_cal`, `m_id`) VALUES
(14, 45960, '2024-03-15 13:58:00', 9000, 5400, 1862, 7262, 0.158, NULL),
(15, 96720, '2024-03-15 12:18:41', 10004, 6003, 1070, 4933, 0.051, NULL);

-- --------------------------------------------------------

--
-- Table structure for table `dtc_loanagreement`
--

CREATE TABLE `dtc_loanagreement` (
  `la_id` int(10) NOT NULL COMMENT 'ไอดี สัญญาเงินกู้\r\n',
  `la_money_loan` int(6) NOT NULL COMMENT 'จำนวนเงินขอกู้',
  `la_date` timestamp NULL DEFAULT current_timestamp() COMMENT 'วันที่ขอกู้',
  `la_status_approved` enum('1','2','3') DEFAULT '1' COMMENT 'สถานะการขอกู้  \r\n1 = ขอกู้เงิน \r\n2 = อนุมัติ\r\n3 = ไม่อนุมัติ',
  `la_approved_date` datetime DEFAULT NULL ON UPDATE current_timestamp() COMMENT 'วันที่อนุมัติ',
  `la_due_date` date DEFAULT NULL COMMENT 'กำหนดวันชำระเงินกู้',
  `m_id` int(10) NOT NULL COMMENT 'ไอดี สมาชิก',
  `dt_id` int(10) DEFAULT NULL COMMENT 'ไอดี กรรมการผู้อนุมัติหรือไม่อนุมัติ',
  `a_id` int(10) DEFAULT NULL COMMENT 'ไอดีผู้ดูแลระบบที่ อนุมัติ',
  `la_sc_name1` varchar(50) NOT NULL COMMENT 'ชื่อผู้ค้ำประกันคนที่ 1',
  `la_sc_address1` varchar(100) NOT NULL COMMENT 'ที่อยู่ผู้ค้ำประคนที่ 1',
  `la_sc_name2` varchar(50) NOT NULL COMMENT 'ชื่อผู้ค้ำประกันคนที่ 2',
  `la_sc_address2` varchar(100) NOT NULL COMMENT 'ที่อยู่ผู้ค้ำประคนที่ 2',
  `la_status_payment` int(10) NOT NULL COMMENT 'สถานะการชำระเงินกู้\r\n1 = ค้างชำระ\r\n2 = ชำระเรียบร้อย'
) ENGINE=InnoDB DEFAULT CHARSET=utf8;

--
-- Dumping data for table `dtc_loanagreement`
--

INSERT INTO `dtc_loanagreement` (`la_id`, `la_money_loan`, `la_date`, `la_status_approved`, `la_approved_date`, `la_due_date`, `m_id`, `dt_id`, `a_id`, `la_sc_name1`, `la_sc_address1`, `la_sc_name2`, `la_sc_address2`, `la_status_payment`) VALUES
(4, 20000, '2024-02-23 15:44:25', '2', '2024-03-16 21:07:36', '2024-12-31', 2, 70, NULL, 'นิ่ง', '789/8', 'ทาม', '985/8', 0),
(5, 5000, '2024-02-23 15:46:59', '3', '2024-03-16 21:09:29', '2024-03-06', 5, NULL, 4, 'สวยงาม', '96/7', 'รายดี', '65/2', 0),
(12, 2000, '2024-02-26 05:59:13', '3', '2024-03-16 21:07:36', '2024-02-07', 4, 70, NULL, '1122', '7/7', 'asasdsad', '4/4', 0),
(13, 30000, '2024-02-26 17:19:43', '2', '2024-03-16 21:07:36', '2024-02-29', 6, 70, NULL, 'asdasd', 'asdsad', 'asdsadasd', 'asdsadas', 0),
(14, 1000, '2024-03-10 04:37:22', '2', '2024-03-16 21:07:36', '2024-03-10', 1, 80, NULL, 'sfsadfsad', '25/7', 'safsadfsadf', '659/8', 0),
(15, 2000, '2024-01-30 19:34:39', '2', '2024-03-16 21:07:36', '2024-12-31', 5, 70, NULL, 'สมชาย นาดี', 'asd', 'อร่อย', 'asdasd', 0),
(16, 3000, '2024-03-11 05:55:38', '2', '2024-03-16 21:07:36', '2024-12-31', 24, 70, NULL, 'สมชาย นาดี', 'asdsad', 'asdsad', 'asdsad', 0),
(17, 2000, '2024-03-16 13:47:19', '2', '2024-03-16 21:18:18', '2024-03-16', 26, NULL, 1, 'สมชาย นาดี', '59/8', 'อร่อย', '637/8', 0);

-- --------------------------------------------------------

--
-- Table structure for table `dtc_pay`
--

CREATE TABLE `dtc_pay` (
  `p_id` int(10) NOT NULL COMMENT 'ไอดีการชำระ',
  `p_tp` decimal(30,2) NOT NULL COMMENT 'ยอดที่ชำระ   Total paid',
  `p_pay_period` decimal(30,2) DEFAULT NULL COMMENT 'ชำระเงินต้น',
  `p_increase` decimal(30,2) DEFAULT NULL COMMENT 'ชำระดอกเบี้ย',
  `p_rp` decimal(30,2) NOT NULL COMMENT ' เงินต้นคงเหลือ \r\n remaining principal',
  `p_status_pay` enum('1','2') NOT NULL DEFAULT '1' COMMENT '1 = ยังไม่ชำระ 2 = ชำระแล้ว',
  `p_payment_date` timestamp NULL DEFAULT current_timestamp() ON UPDATE current_timestamp() COMMENT 'วันที่ชำระ\r\n',
  `la_id` int(10) NOT NULL COMMENT 'ไอดีการเงินกู้',
  `p_m_name` varchar(100) NOT NULL COMMENT 'ชื่อสมาชิก',
  `a_id` int(10) DEFAULT NULL COMMENT 'ไอดี ผู้รับเงิน (ผู้ดูแลระบบ)',
  `dt_id` int(10) DEFAULT NULL COMMENT 'ไอดี ผู้รับเงิน (กรรมการ)'
) ENGINE=InnoDB DEFAULT CHARSET=utf8;

--
-- Dumping data for table `dtc_pay`
--

INSERT INTO `dtc_pay` (`p_id`, `p_tp`, `p_pay_period`, `p_increase`, `p_rp`, `p_status_pay`, `p_payment_date`, `la_id`, `p_m_name`, `a_id`, `dt_id`) VALUES
(1, '1000.00', '997.04', '9000.00', '2002.96', '2', '2024-03-16 14:33:52', 16, 'ธนพล จันทะสอน', 1, NULL),
(2, '1000.00', '996.05', '3.95', '1003.95', '2', '2024-03-16 14:33:55', 15, 'member5', 1, NULL),
(3, '20000.00', '19748.49', '10000.00', '10251.51', '2', '2024-03-16 14:33:56', 13, 'member6', 1, NULL),
(4, '500.00', '499.50', '0.50', '504.45', '2', '2024-03-16 14:33:58', 15, 'member5', 1, NULL),
(9, '300.00', '299.75', '0.25', '204.70', '2', '2024-03-16 14:42:37', 15, 'member5', 1, NULL),
(10, '1000.00', '999.01', '0.99', '1003.95', '2', '2024-03-16 14:43:28', 16, 'ธนพล จันทะสอน', NULL, 70);

-- --------------------------------------------------------

--
-- Table structure for table `dtp_admin`
--

CREATE TABLE `dtp_admin` (
  `a_id` int(10) NOT NULL COMMENT 'ไอดี ผู้ดูแลระบบ',
  `a_name` varchar(100) NOT NULL COMMENT 'ชื่อ ผู้ดูแลระบบ',
  `a_username` varchar(50) NOT NULL COMMENT 'รหัส ผู้ดูแลระบบ',
  `a_password` varchar(50) NOT NULL COMMENT 'รหัสผ่าน ผู้ดูแลระบบ',
  `a_gender` varchar(20) NOT NULL COMMENT 'เพศ ผู้ดูแลระบบ',
  `a_address` varchar(255) NOT NULL COMMENT 'ที่อยู่ ผู้ดูแลระบบ',
  `a_tel` varchar(10) NOT NULL COMMENT 'เบอร์โทรศัพท์ ผู้ดูแลระบบ',
  `a_birthday` date NOT NULL COMMENT 'วันเกิด ผู้ดูแลระบบ',
  `a_status` varchar(20) NOT NULL COMMENT '1 = สถานะเป็นผู้ดูแลระบบ 2 = ยกเลิกการเป็นผู้ดูแลระบบ'
) ENGINE=InnoDB DEFAULT CHARSET=utf8;

--
-- Dumping data for table `dtp_admin`
--

INSERT INTO `dtp_admin` (`a_id`, `a_name`, `a_username`, `a_password`, `a_gender`, `a_address`, `a_tel`, `a_birthday`, `a_status`) VALUES
(1, 'Admin1', 'admin1', '111', 'Female', 'บ้านทรายมูล', '0985574315', '2024-02-01', '2'),
(4, 'Admin2', 'Admin2', '222', 'Male', 'London', '0985697713', '0000-00-00', '1'),
(8, 'Admin3', 'Admin3', '333', 'Female', 'fvgbhn', '0998498465', '2023-11-30', 'Admin');

-- --------------------------------------------------------

--
-- Table structure for table `dtp_director`
--

CREATE TABLE `dtp_director` (
  `dt_id` int(10) NOT NULL COMMENT 'ไอดี กรรมการ',
  `dt_name` varchar(255) NOT NULL COMMENT 'ชื่อกรรมการ',
  `dt_gender` varchar(10) NOT NULL COMMENT 'เพศกรรมการ',
  `dt_address` varchar(255) NOT NULL COMMENT 'ที่อยู่กรรมการ',
  `dt_birthday` date NOT NULL COMMENT 'วันเกิดกรรมการ',
  `dt_tel` varchar(10) NOT NULL COMMENT 'เบอร์โทรศัพท์กรรมการ',
  `dt_status` varchar(20) NOT NULL COMMENT 'สถานะกรรมการ',
  `dt_username` varchar(50) NOT NULL COMMENT 'รหัสกรรมการ',
  `dt_password` varchar(50) NOT NULL COMMENT 'รหัสผ่านกรรมการ',
  `dt_date` timestamp NOT NULL DEFAULT current_timestamp() ON UPDATE current_timestamp() COMMENT 'วันที่เข้าเป็นกรรมการ'
) ENGINE=InnoDB DEFAULT CHARSET=utf8;

--
-- Dumping data for table `dtp_director`
--

INSERT INTO `dtp_director` (`dt_id`, `dt_name`, `dt_gender`, `dt_address`, `dt_birthday`, `dt_tel`, `dt_status`, `dt_username`, `dt_password`, `dt_date`) VALUES
(70, 'director1', 'Female', '15/89', '2004-03-16', '0985642536', '2', 'director1', '111', '2024-02-09 03:36:56'),
(71, 'director4', 'Female', '65/78', '2008-02-22', '0985642536', '1', 'director4', '444', '2024-02-09 03:37:01'),
(72, 'director5', 'Male', '79/43', '2023-11-15', '0985642536', '2', 'director5', '555', '2024-02-09 03:37:07'),
(73, 'director6', 'Male', '84/20', '2020-07-24', '0985412563', '1', 'director6', '666', '2024-02-09 03:37:15'),
(74, 'director7', 'Male', '115/76', '2020-07-24', '0985412563', '2', 'director6', '777', '2024-02-09 03:37:24'),
(79, 'Gujate', 'Male', '498/1', '2023-11-30', '0985465523', '1', 'director424', 'sadsad', '2024-02-09 03:37:29'),
(80, 'BossTon12', 'Male', 'บานดี', '2014-06-23', '0985468135', '1', 'Boss12', '2235', '2023-12-03 12:30:44'),
(81, 'Fuji Tora', 'Female', '15//7 Fuji Tora', '0000-00-00', '0895661352', '2', 'Fuji', '1452', '2023-12-03 12:36:52');

-- --------------------------------------------------------

--
-- Table structure for table `dtp_member`
--

CREATE TABLE `dtp_member` (
  `m_id` int(11) NOT NULL COMMENT 'ไอดี สมาชิก',
  `m_name` varchar(100) NOT NULL COMMENT 'ชื่อสมาชิก',
  `m_gender` varchar(10) NOT NULL COMMENT 'เพศสมาชิก',
  `m_address` varchar(100) NOT NULL COMMENT 'ที่อยู่สมาชิก',
  `m_tel` varchar(10) NOT NULL COMMENT 'เบอร์โทรศัพท์สมาชิก',
  `m_birthday` date NOT NULL COMMENT 'วันเกิดสมาชิก',
  `m_status` enum('1','2','3') NOT NULL DEFAULT '1' COMMENT 'เป็นสมาชิก = 1  \r\nยกเลิกการเป็นสมาชิก = 2 \r\nสถานะเสียชีวิต = 3',
  `m_date` timestamp NOT NULL DEFAULT current_timestamp() ON UPDATE current_timestamp() COMMENT 'วันที่สมัครสมาชิก',
  `m_username` varchar(50) NOT NULL COMMENT 'รหัสสมาชิก',
  `m_password` varchar(50) NOT NULL COMMENT 'รหัสผ่านสมาชิก',
  `m_money` int(10) NOT NULL COMMENT 'จำนวนเงินฝากของสมาชิก',
  `m_scs_name` varchar(50) NOT NULL COMMENT 'ผู้สื่บทอด successor',
  `m_scs_address` varchar(100) NOT NULL COMMENT 'ที่อยู่ '
) ENGINE=InnoDB DEFAULT CHARSET=utf8;

--
-- Dumping data for table `dtp_member`
--

INSERT INTO `dtp_member` (`m_id`, `m_name`, `m_gender`, `m_address`, `m_tel`, `m_birthday`, `m_status`, `m_date`, `m_username`, `m_password`, `m_money`, `m_scs_name`, `m_scs_address`) VALUES
(1, 'member1', 'Male', '89/85 หมู่ 17 บ้านทรายทอง ต.บ้านจันทน์ อ.บ้านดุง จ.อุดรธานี', '0895762257', '0000-00-00', '1', '2024-03-16 08:23:54', 'member1', '111', 500, 'ลัมสัน1', 'บ้านเลขที่ 366 ถนนพระราม IV บ้านหลังแรก'),
(2, 'นาย ดายสาย เขียงชัย', 'Male', '95/85 หมู่ 3 บ้านทรายมูล ตำบล บ้านจันทน์ อำเภอ บ้านดุง จังหวัดอุดธานี', '0897854685', '2005-02-10', '1', '2024-03-16 08:23:54', 'member2', '222', 350, 'ลัมสัน2', 'บ้านเลขที่ 975 ถนนสีลม ทาวน์เฮาส์หรู'),
(3, 'member3', 'Female', '39979 Westport Court', '229 271 35', '2024-02-09', '3', '2024-03-16 08:23:54', 'member3', '333', 20, 'ลัมสัน3', 'บ้านเลขที่ 71 ถนนพระราม IV ทาวน์เฮาส์หรู'),
(4, 'member4', 'Female', '6 Pawling Point', '252 218 36', '0000-00-00', '3', '2024-03-16 08:23:54', 'member4', '444', 250, 'ลัมสัน4', 'บ้านเลขที่ 365 ถนนเพชรบุรี อพาร์ตเมนท์กลางเมือง'),
(5, 'member5', 'Male', '4763 Little Fleur Cr', '402 260 05', '0000-00-00', '1', '2024-03-16 08:23:54', 'member5', '555', 500, 'ลัมสัน5', 'บ้านเลขที่ 214 ถนนพระราม IV บ้านหลังแรก'),
(6, 'member6', 'Male', '2771 Steensland Cros', '381 499 86', '0000-00-00', '1', '2024-03-16 08:23:54', 'member6', '666', 100, 'ลัมสัน6', 'บ้านเลขที่ 238 ถนนพระราม IV คอนโดมิเนียมสวย'),
(7, 'member7', 'Female', '46574 Mayfield Cente', '759 214 25', '1983-04-08', '1', '2024-03-16 08:23:54', 'member7', '777', 450, 'ลัมสัน7', 'บ้านเลขที่ 276 ถนนสุขุมวิท ทาวน์เฮาส์หรู'),
(8, 'member8', 'Female', '65 Annamark Center', '361 549 56', '2006-01-05', '1', '2024-03-16 08:23:54', 'member8', '888', 500, 'ลัมสัน8', 'บ้านเลขที่ 585 ถนนสุขุมวิท คอนโดมิเนียมสวย'),
(20, 'Nakata', 'Female', '9/854 Nakata', '0985332569', '2002-06-12', '1', '2024-03-16 08:23:54', 'Nakata', '1252', 20, 'ลัมสัน9', 'บ้านเลขที่ 338 ถนนสีลม คอนโดมิเนียมสวย'),
(21, 'aSDd', 'Male', '89/85 หมู่ 17 บ้านทรายทอง ต.บ้านจันทน์ อ.บ้านดุง จ.อุดรธานี', '0986523895', '0000-00-00', '1', '2024-03-16 08:23:54', 'ASDASD', 'aSD', 10, 'ลัมสัน10', 'บ้านเลขที่ 251 ถนนสีลม ทาวน์เฮาส์หรู'),
(22, 'นาย พันธุ์ทวี สนกันยา', 'FeMale', '91 หมู่ 17 บ้านทรายทรายมูล ต.บ้านจันทร์ อ.บ้านดุง จ.อุดรธานี', '5124358952', '2023-12-04', '1', '2024-03-16 08:23:54', 'ob112', '1121', 100, 'ลัมสัน11', 'บ้านเลขที่ 917 ถนนเพชรบุรี บ้านหลังแรก'),
(23, 'ธนา', 'Male', '114/17 บ้านผือ', '0987231329', '2023-01-20', '1', '2024-03-16 08:23:54', 'nice2544', '0987231329', 500, 'ลัมสัน12', 'บ้านเลขที่ 531 ถนนสีลม คอนโดมิเนียมสวย'),
(24, 'ธนพล จันทะสอน', 'Male', '156/5 ต.หายโศก อ.บ้านผือ จ.อุดรธานี', '0929658248', '2001-09-16', '1', '2024-03-16 08:23:54', 't123456', '123456', 200, 'ลัมสัน13', 'บ้านเลขที่ 720 ถนนสีลม บ้านหลังแรก'),
(25, 'Goffy', 'Male', 'asdsadsadsadsadasdsad', '0899569975', '2024-01-10', '1', '2024-03-16 08:23:54', 'rac125', '125', 350, 'ลัมสัน14', 'บ้านเลขที่ 193 ถนนพระราม IV ทาวน์เฮาส์หรู'),
(26, 'member24', 'Male', '78/5', '0985332569', '0000-00-00', '1', '2024-03-16 08:23:54', 'member24', 'member24', 300, 'ลัมสัน15', 'บ้านเลขที่ 962 ถนนสุขุมวิท ทาวน์เฮาส์หรู'),
(27, 'gdtg', 'Male', '56/88', '0854253698', '2024-03-04', '1', '2024-03-16 08:23:54', 'memder24', '2424', 100, 'การจนา', 'บ้านเลขที่ 724 ถนนเพชรบุรี อพาร์ตเมนท์กลางเมือง');

-- --------------------------------------------------------

--
-- Table structure for table `dt_memberdied`
--

CREATE TABLE `dt_memberdied` (
  `md_id` int(10) NOT NULL COMMENT 'ไอดีเสียชีวิต',
  `md_date` datetime NOT NULL COMMENT 'บันทึกเวลาเสียชีวิต',
  `md_detail` varchar(255) NOT NULL COMMENT 'รายละเอียดการเสียชีวิต',
  `md_date_record` timestamp NOT NULL DEFAULT current_timestamp() ON UPDATE current_timestamp() COMMENT 'วันที่บันทึก',
  `m_id` int(10) NOT NULL COMMENT 'รหัสไอดีของผู้เสียชีวิต',
  `md_name` varchar(255) NOT NULL COMMENT ' ชื่อผู้เสียชีวิต\r\n',
  `md_img` longblob NOT NULL COMMENT 'รูปภาพหลักฐาน'
) ENGINE=InnoDB DEFAULT CHARSET=utf8;

--
-- Dumping data for table `dt_memberdied`
--

INSERT INTO `dt_memberdied` (`md_id`, `md_date`, `md_detail`, `md_date_record`, `m_id`, `md_name`, `md_img`) VALUES
(18, '2024-03-11 13:20:00', 'ghjkl;', '2024-03-11 06:20:42', 3, 'member3', 0x7069635f696d6167655f6d656d626572646965642f50726f66696c65362e6a7067),
(19, '2023-07-11 19:54:00', 'Natural Causes', '2024-03-16 07:55:22', 4, 'member4', 0x7069635f696d6167655f6d656d626572646965642f636173636164652d626f61742d636c65616e2d6368696e612d6e61747572616c2d727572616c2e6a7067);

--
-- Indexes for dumped tables
--

--
-- Indexes for table `dividendpaymentrecords`
--
ALTER TABLE `dividendpaymentrecords`
  ADD PRIMARY KEY (`BillNumber`),
  ADD KEY `m_id_dtp` (`m_id`);

--
-- Indexes for table `dtc_balancesheet`
--
ALTER TABLE `dtc_balancesheet`
  ADD PRIMARY KEY (`bs_id`);

--
-- Indexes for table `dtc_cremationpayfamily`
--
ALTER TABLE `dtc_cremationpayfamily`
  ADD PRIMARY KEY (`cpf_id`),
  ADD KEY `md_id_fk` (`md_id`),
  ADD KEY `ad_min_fk` (`a_id`),
  ADD KEY `di_rec_fk` (`dt_id`);

--
-- Indexes for table `dtc_cremetion`
--
ALTER TABLE `dtc_cremetion`
  ADD PRIMARY KEY (`ct_id`),
  ADD KEY `fk_m` (`m_id`),
  ADD KEY `fk_md` (`md_id`),
  ADD KEY `fk_admin` (`a_id`),
  ADD KEY `fk_dt` (`dt_id`);

--
-- Indexes for table `dtc_deposit`
--
ALTER TABLE `dtc_deposit`
  ADD PRIMARY KEY (`d_id`),
  ADD KEY `fk_user` (`m_id`),
  ADD KEY `fk_dt_id` (`dt_id`),
  ADD KEY `fk_a_id` (`a_id`);

--
-- Indexes for table `dtc_dividend`
--
ALTER TABLE `dtc_dividend`
  ADD PRIMARY KEY (`dv_id`),
  ADD KEY `mid_fk` (`m_id`);

--
-- Indexes for table `dtc_loanagreement`
--
ALTER TABLE `dtc_loanagreement`
  ADD PRIMARY KEY (`la_id`),
  ADD KEY `fk_m_la` (`m_id`),
  ADD KEY `dt_fk` (`dt_id`),
  ADD KEY `admin_fk` (`a_id`);

--
-- Indexes for table `dtc_pay`
--
ALTER TABLE `dtc_pay`
  ADD PRIMARY KEY (`p_id`),
  ADD KEY `fk_la` (`la_id`),
  ADD KEY `a_id_fk` (`a_id`),
  ADD KEY `director_fk` (`dt_id`);

--
-- Indexes for table `dtp_admin`
--
ALTER TABLE `dtp_admin`
  ADD PRIMARY KEY (`a_id`);

--
-- Indexes for table `dtp_director`
--
ALTER TABLE `dtp_director`
  ADD PRIMARY KEY (`dt_id`);

--
-- Indexes for table `dtp_member`
--
ALTER TABLE `dtp_member`
  ADD PRIMARY KEY (`m_id`);

--
-- Indexes for table `dt_memberdied`
--
ALTER TABLE `dt_memberdied`
  ADD PRIMARY KEY (`md_id`),
  ADD KEY `fk_m_died` (`m_id`);

--
-- AUTO_INCREMENT for dumped tables
--

--
-- AUTO_INCREMENT for table `dtc_balancesheet`
--
ALTER TABLE `dtc_balancesheet`
  MODIFY `bs_id` int(10) NOT NULL AUTO_INCREMENT, AUTO_INCREMENT=14;

--
-- AUTO_INCREMENT for table `dtc_cremetion`
--
ALTER TABLE `dtc_cremetion`
  MODIFY `ct_id` int(10) NOT NULL AUTO_INCREMENT COMMENT 'ไอดีการชำระเงิน', AUTO_INCREMENT=13;

--
-- AUTO_INCREMENT for table `dtc_deposit`
--
ALTER TABLE `dtc_deposit`
  MODIFY `d_id` int(10) NOT NULL AUTO_INCREMENT COMMENT 'ไอดี การฝากเงิน', AUTO_INCREMENT=361;

--
-- AUTO_INCREMENT for table `dtc_dividend`
--
ALTER TABLE `dtc_dividend`
  MODIFY `dv_id` int(11) NOT NULL AUTO_INCREMENT, AUTO_INCREMENT=16;

--
-- AUTO_INCREMENT for table `dtc_loanagreement`
--
ALTER TABLE `dtc_loanagreement`
  MODIFY `la_id` int(10) NOT NULL AUTO_INCREMENT COMMENT 'ไอดี สัญญาเงินกู้\r\n', AUTO_INCREMENT=18;

--
-- AUTO_INCREMENT for table `dtc_pay`
--
ALTER TABLE `dtc_pay`
  MODIFY `p_id` int(10) NOT NULL AUTO_INCREMENT COMMENT 'ไอดีการชำระ', AUTO_INCREMENT=11;

--
-- AUTO_INCREMENT for table `dtp_admin`
--
ALTER TABLE `dtp_admin`
  MODIFY `a_id` int(10) NOT NULL AUTO_INCREMENT COMMENT 'ไอดี ผู้ดูแลระบบ', AUTO_INCREMENT=9;

--
-- AUTO_INCREMENT for table `dtp_director`
--
ALTER TABLE `dtp_director`
  MODIFY `dt_id` int(10) NOT NULL AUTO_INCREMENT COMMENT 'ไอดี กรรมการ', AUTO_INCREMENT=82;

--
-- AUTO_INCREMENT for table `dtp_member`
--
ALTER TABLE `dtp_member`
  MODIFY `m_id` int(11) NOT NULL AUTO_INCREMENT COMMENT 'ไอดี สมาชิก', AUTO_INCREMENT=28;

--
-- AUTO_INCREMENT for table `dt_memberdied`
--
ALTER TABLE `dt_memberdied`
  MODIFY `md_id` int(10) NOT NULL AUTO_INCREMENT COMMENT 'ไอดีเสียชีวิต', AUTO_INCREMENT=20;

--
-- Constraints for dumped tables
--

--
-- Constraints for table `dividendpaymentrecords`
--
ALTER TABLE `dividendpaymentrecords`
  ADD CONSTRAINT `m_id_dtp` FOREIGN KEY (`m_id`) REFERENCES `dtp_member` (`m_id`) ON DELETE CASCADE ON UPDATE CASCADE;

--
-- Constraints for table `dtc_cremationpayfamily`
--
ALTER TABLE `dtc_cremationpayfamily`
  ADD CONSTRAINT `ad_min_fk` FOREIGN KEY (`a_id`) REFERENCES `dtp_admin` (`a_id`) ON DELETE CASCADE ON UPDATE CASCADE,
  ADD CONSTRAINT `di_rec_fk` FOREIGN KEY (`dt_id`) REFERENCES `dtp_director` (`dt_id`) ON DELETE CASCADE ON UPDATE CASCADE,
  ADD CONSTRAINT `md_id_fk` FOREIGN KEY (`md_id`) REFERENCES `dt_memberdied` (`md_id`) ON DELETE CASCADE ON UPDATE CASCADE;

--
-- Constraints for table `dtc_cremetion`
--
ALTER TABLE `dtc_cremetion`
  ADD CONSTRAINT `fk_admin` FOREIGN KEY (`a_id`) REFERENCES `dtp_admin` (`a_id`) ON DELETE CASCADE ON UPDATE CASCADE,
  ADD CONSTRAINT `fk_dt` FOREIGN KEY (`dt_id`) REFERENCES `dtp_director` (`dt_id`) ON DELETE CASCADE ON UPDATE CASCADE,
  ADD CONSTRAINT `fk_m` FOREIGN KEY (`m_id`) REFERENCES `dtp_member` (`m_id`) ON DELETE CASCADE ON UPDATE CASCADE,
  ADD CONSTRAINT `fk_md` FOREIGN KEY (`md_id`) REFERENCES `dt_memberdied` (`md_id`) ON DELETE CASCADE ON UPDATE CASCADE;

--
-- Constraints for table `dtc_deposit`
--
ALTER TABLE `dtc_deposit`
  ADD CONSTRAINT `fk_a_id` FOREIGN KEY (`a_id`) REFERENCES `dtp_admin` (`a_id`) ON DELETE CASCADE ON UPDATE CASCADE,
  ADD CONSTRAINT `fk_dt_id` FOREIGN KEY (`dt_id`) REFERENCES `dtp_director` (`dt_id`) ON DELETE CASCADE ON UPDATE CASCADE,
  ADD CONSTRAINT `fk_m_id` FOREIGN KEY (`m_id`) REFERENCES `dtp_member` (`m_id`) ON DELETE CASCADE ON UPDATE CASCADE;

--
-- Constraints for table `dtc_dividend`
--
ALTER TABLE `dtc_dividend`
  ADD CONSTRAINT `mid_fk` FOREIGN KEY (`m_id`) REFERENCES `dtp_member` (`m_id`) ON DELETE CASCADE ON UPDATE CASCADE;

--
-- Constraints for table `dtc_loanagreement`
--
ALTER TABLE `dtc_loanagreement`
  ADD CONSTRAINT `admin_fk` FOREIGN KEY (`a_id`) REFERENCES `dtp_admin` (`a_id`) ON DELETE CASCADE ON UPDATE CASCADE,
  ADD CONSTRAINT `dt_fk` FOREIGN KEY (`dt_id`) REFERENCES `dtp_director` (`dt_id`) ON DELETE CASCADE ON UPDATE CASCADE,
  ADD CONSTRAINT `fk_m_la` FOREIGN KEY (`m_id`) REFERENCES `dtp_member` (`m_id`) ON DELETE CASCADE ON UPDATE CASCADE;

--
-- Constraints for table `dtc_pay`
--
ALTER TABLE `dtc_pay`
  ADD CONSTRAINT `a_id_fk` FOREIGN KEY (`a_id`) REFERENCES `dtp_admin` (`a_id`) ON DELETE CASCADE ON UPDATE CASCADE,
  ADD CONSTRAINT `director_fk` FOREIGN KEY (`dt_id`) REFERENCES `dtp_director` (`dt_id`) ON DELETE CASCADE ON UPDATE CASCADE,
  ADD CONSTRAINT `fk_la` FOREIGN KEY (`la_id`) REFERENCES `dtc_loanagreement` (`la_id`) ON DELETE CASCADE ON UPDATE CASCADE;

--
-- Constraints for table `dt_memberdied`
--
ALTER TABLE `dt_memberdied`
  ADD CONSTRAINT `fk_m_died` FOREIGN KEY (`m_id`) REFERENCES `dtp_member` (`m_id`) ON DELETE CASCADE ON UPDATE CASCADE;
COMMIT;

/*!40101 SET CHARACTER_SET_CLIENT=@OLD_CHARACTER_SET_CLIENT */;
/*!40101 SET CHARACTER_SET_RESULTS=@OLD_CHARACTER_SET_RESULTS */;
/*!40101 SET COLLATION_CONNECTION=@OLD_COLLATION_CONNECTION */;
